,City,Cloudiness,Country,Date,Humidity,Lat,Lng,Max Temp,Wind Speed
0,Rome,67,IT,1567722912,77,41.89,12.48,73.0,3.36
1,Qaanaaq,77,GL,1567722913,58,77.48,-69.36,29.57,6.13
2,Kaeo,22,NZ,1567722914,100,-35.1,173.78,53.01,19.44
3,Hasaki,40,JP,1567722915,100,35.73,140.83,77.0,2.24
4,Hermanus,0,ZA,1567722917,80,-34.42,19.24,57.0,18.99
5,Rikitea,100,PF,1567722918,78,-23.12,-134.97,68.63,16.71
6,Nanortalik,100,GL,1567722919,85,60.14,-45.24,43.43,4.74
7,Punta Arenas,0,CL,1567722920,80,-53.16,-70.91,41.0,6.93
8,Padang,74,ID,1567722921,84,-0.92,100.36,80.51,12.62
9,Iqaluit,75,CA,1567722906,70,63.75,-68.52,46.4,2.24
10,Kahului,40,US,1567722744,49,20.89,-156.47,91.4,23.04
11,Ancud,20,CL,1567722925,70,-41.87,-73.83,46.4,4.7
12,Gat,75,SN,1567722926,89,14.69,-16.54,84.2,9.28
13,Bluff,0,AU,1567722927,15,-23.58,149.07,78.89,7.78
14,Ushuaia,20,AR,1567722928,69,-54.81,-68.31,37.4,17.22
15,Ilhabela,100,BR,1567722816,85,-23.78,-45.36,65.03,18.07
16,Kavieng,42,PG,1567722930,74,-2.57,150.8,82.31,10.4
17,Mataura,94,NZ,1567722932,89,-46.19,168.86,46.0,8.99
18,Tibiri,50,NE,1567722933,56,13.57,7.05,79.97,11.54
19,San Patricio,100,PY,1567722934,88,-26.98,-56.83,54.59,5.88
20,Carnarvon,0,ZA,1567722935,67,-30.97,22.13,47.21,15.35
21,Muisne,0,EC,1567722936,78,0.61,-80.02,78.8,11.41
22,Castro,20,CL,1567722937,70,-42.48,-73.76,46.4,4.7
23,Lagos,100,NG,1567722869,91,6.46,3.39,76.37,9.28
24,Vaini,100,IN,1567722941,92,15.34,74.49,76.55,8.23
25,Chuy,72,UY,1567722942,79,-33.69,-53.46,48.47,8.46
26,Bataipora,100,BR,1567722783,61,-22.3,-53.27,72.95,8.3
27,Bambous Virieux,20,MU,1567722944,83,-20.34,57.76,69.8,3.36
28,Matara,8,BI,1567722945,62,-3.48,29.48,53.69,1.01
29,Touros,20,BR,1567722946,83,-5.2,-35.46,77.0,8.05
30,Barrow,100,AR,1567722947,68,-38.31,-60.23,40.19,7.43
31,Port Alfred,71,ZA,1567722948,67,-33.59,26.89,55.99,3.0
32,Albany,75,US,1567722902,52,42.65,-73.75,70.0,4.7
33,East London,83,ZA,1567722951,82,-33.02,27.91,50.63,4.21
34,Khatanga,100,RU,1567722952,98,71.98,102.47,47.03,4.21
35,Yeniseysk,93,RU,1567722953,94,58.45,92.17,45.23,4.36
36,Kununurra,16,AU,1567722954,93,-15.77,128.74,64.4,3.36
37,Mount Gambier,75,AU,1567722955,93,-37.83,140.78,46.4,9.17
38,Nikolskoye,0,RU,1567722956,82,59.7,30.79,57.99,6.71
39,Kapaa,75,US,1567722958,62,22.08,-159.32,89.6,16.11
40,Hobart,66,AU,1567722948,93,-42.88,147.33,51.01,5.82
41,New Norfolk,66,AU,1567722960,93,-42.78,147.06,51.01,5.82
42,Dikson,100,RU,1567722961,97,73.51,80.55,43.25,13.22
43,Georgetown,20,GY,1567722962,70,6.8,-58.16,84.2,11.41
44,Hithadhoo,62,MV,1567722963,79,-0.6,73.08,82.49,14.94
45,Porosozero,81,RU,1567722964,91,62.72,32.71,54.95,9.26
46,Brenham,1,US,1567722932,30,30.17,-96.4,100.4,4.7
47,Busselton,4,AU,1567722967,66,-33.64,115.35,37.0,12.55
48,Lebu,75,ET,1567722968,87,8.96,38.73,55.4,8.05
49,Fort Nelson,20,CA,1567722969,35,58.81,-122.69,69.8,5.82
50,Saint-Philippe,75,CA,1567722970,49,45.36,-73.48,71.6,9.17
51,Aklavik,90,CA,1567722971,100,68.22,-135.01,53.6,3.36
52,Faanui,39,PF,1567722972,81,-16.48,-151.75,75.83,23.22
53,Kaitangata,100,NZ,1567722974,73,-46.28,169.85,46.99,8.99
54,Esqueda,71,MX,1567722975,38,30.72,-109.59,81.05,6.22
55,Abatskoye,8,RU,1567722976,95,56.29,70.46,44.87,12.75
56,Rampur Hat,98,IN,1567722977,96,24.18,87.79,77.45,5.95
57,Butaritari,48,KI,1567722978,70,3.07,172.79,84.83,10.4
58,Bahjoi,74,IN,1567722979,79,28.39,78.62,80.87,6.4
59,Atuona,20,PF,1567722980,66,-9.8,-139.03,79.43,5.93
60,Yellowknife,90,CA,1567722917,81,62.45,-114.38,51.8,8.05
61,Frontera,5,MX,1567722983,37,18.53,-92.64,96.8,15.59
62,Geraldton,90,CA,1567722799,100,49.72,-86.95,50.0,5.82
63,Klaksvik,100,FO,1567722985,93,62.23,-6.59,48.2,3.36
64,Tual,0,ID,1567722986,86,-5.67,132.75,76.37,15.84
65,Hualmay,0,PE,1567722987,91,-11.1,-77.61,60.53,11.48
66,Namatanai,100,PG,1567722988,84,-3.66,152.44,77.27,20.15
67,Vila Franca do Campo,75,PT,1567722990,72,37.72,-25.43,71.01,6.93
68,Cape Town,0,ZA,1567722906,76,-33.93,18.42,60.01,9.17
69,Puerto Ayora,0,EC,1567722888,65,-0.74,-90.35,77.0,23.04
70,Jamestown,87,AU,1567722993,85,-33.21,138.6,49.73,22.12
71,Mar del Plata,97,AR,1567722994,79,-46.43,-67.52,39.11,9.64
72,Minab,80,IR,1567722995,83,27.15,57.07,86.0,1.12
73,Norman Wells,75,CA,1567722996,87,65.28,-126.83,57.2,11.41
74,Marzuq,94,YE,1567722998,28,14.4,46.47,83.75,3.02
75,Saint-Joseph,75,FR,1567722999,73,43.56,6.97,77.0,4.7
76,Taloqan,0,AF,1567723000,35,36.74,69.54,64.31,6.82
77,Svetlogorsk,90,RU,1567723001,100,53.14,59.15,50.0,8.95
78,Lagoa,0,PT,1567723002,88,37.14,-8.45,75.0,5.82
79,Halifax,40,CA,1567722914,52,44.65,-63.58,68.0,9.17
80,Miri,4,NG,1567723004,94,10.31,9.75,70.61,4.41
81,Honningsvag,0,NO,1567723006,87,70.98,25.97,46.4,3.36
82,Isangel,75,VU,1567723007,64,-19.55,169.27,75.2,6.93
83,Zhangye,37,CN,1567723008,34,38.94,100.46,69.53,5.03
84,Lasa,40,CY,1567723009,83,34.92,32.53,78.8,4.7
85,Remiremont,0,FR,1567723010,67,48.02,6.59,57.2,5.82
86,Chokurdakh,100,RU,1567723012,72,70.62,147.9,38.57,4.61
87,Ocos,75,GT,1567723014,59,14.51,-92.19,91.4,9.17
88,Port Augusta,40,AU,1567723015,76,-32.49,137.76,51.8,16.11
89,Saquena,87,PE,1567723016,95,-4.67,-73.52,75.11,2.82
90,Cidreira,38,BR,1567723017,68,-30.17,-50.22,54.59,11.14
91,Dingle,88,PH,1567723018,79,11.0,122.67,81.23,7.38
92,Talaya,20,RU,1567723019,100,55.79,84.89,37.4,2.24
93,Boshnyakovo,99,RU,1567723020,97,49.65,142.17,60.89,3.65
94,Amapa,20,HN,1567723022,59,15.09,-87.97,91.4,16.11
95,Talnakh,75,RU,1567723023,93,69.49,88.39,50.0,15.66
96,Imeni Poliny Osipenko,67,RU,1567723024,79,52.42,136.49,64.67,2.08
97,Mehamn,0,NO,1567723025,87,71.03,27.85,46.4,3.36
98,Praya,40,ID,1567722727,94,-8.71,116.27,69.8,1.12
99,Kimbe,45,PG,1567723027,54,-5.56,150.15,83.21,5.99
100,Bathsheba,20,BB,1567723028,74,13.22,-59.52,84.2,5.82
101,Salalah,75,OM,1567723030,88,17.01,54.1,78.8,3.36
102,Huarmey,0,PE,1567723031,92,-10.07,-78.15,60.71,9.69
103,Luderitz,0,NA,1567723032,35,-26.65,15.16,71.6,12.75
104,Broome,41,GB,1567723033,81,52.47,1.45,55.0,8.05
105,Yumen,24,CN,1567723034,30,40.29,97.04,68.81,6.96
106,Great Falls,1,US,1567723035,22,47.5,-111.29,80.6,3.36
107,Victoria,75,BN,1567722948,94,5.28,115.24,80.6,5.5
108,Ilulissat,40,GL,1567723038,60,69.22,-51.1,42.8,2.24
109,Toora-Khem,0,RU,1567723039,83,52.47,96.11,37.49,2.06
110,Los Llanos de Aridane,40,ES,1567723040,73,28.66,-17.92,75.2,14.99
111,Caravelas,0,BR,1567723041,78,-17.73,-39.27,74.75,9.62
112,Bhongir,75,IN,1567723042,100,17.52,78.89,73.4,11.41
113,Tuktoyaktuk,75,CA,1567723043,81,69.44,-133.03,50.0,3.36
114,Riyadh,0,SA,1567723044,17,24.63,46.72,93.2,2.24
115,Singtam,98,IN,1567723046,85,27.23,88.5,59.99,1.97
116,Saint-Gedeon,20,CA,1567723047,47,48.5,-71.77,59.0,10.29
117,Kodiak,1,US,1567723048,62,39.95,-94.76,93.0,9.17
118,Ribeira Grande,42,PT,1567722770,79,38.52,-28.7,70.61,13.65
119,Tiksi,100,RU,1567723050,75,71.64,128.87,40.73,5.59
120,Belmonte,0,PT,1567722772,41,40.36,-7.35,68.0,6.76
121,Williams Lake,75,CA,1567722833,40,52.13,-122.14,71.6,6.93
122,Almaznyy,0,RU,1567723053,37,48.03,40.04,66.2,11.18
123,Dong Hoi,100,VN,1567723055,91,17.48,106.6,74.21,6.55
124,Mirnyy,98,RU,1567723056,89,56.57,36.46,57.47,2.8
125,Khandbari,100,NP,1567723057,89,27.38,87.21,58.01,1.63
126,Sitka,0,US,1567723058,28,37.17,-99.65,97.0,14.0
127,La Palma,36,CO,1567723059,82,5.36,-74.39,74.21,2.82
128,Dawlatabad,0,AF,1567723060,37,36.41,64.91,62.87,4.81
129,Katherine,0,AU,1567723062,64,-14.47,132.26,68.0,3.36
130,Adrar,40,DZ,1567723063,44,27.87,-0.29,80.6,16.11
131,Manavalakurichi,75,IN,1567723064,88,8.13,77.3,78.8,3.36
132,Bredasdorp,5,ZA,1567723065,71,-34.53,20.04,57.0,13.87
133,Sao Filipe,100,CV,1567723066,82,14.9,-24.5,79.97,17.07
134,Upata,11,VE,1567723067,72,8.02,-62.41,86.0,1.99
135,Hilo,90,US,1567723069,66,19.71,-155.08,84.2,12.75
136,Guerrero Negro,0,MX,1567723070,77,27.97,-114.04,74.57,9.95
137,Faya,0,SA,1567723071,28,18.39,42.45,73.4,2.06
138,San Jeronimo,77,PE,1567723072,83,-13.65,-73.37,48.83,4.38
139,Nandu,75,CN,1567723073,94,31.44,119.33,75.2,2.24
140,Solnechnyy,97,RU,1567723074,88,50.72,136.64,61.97,1.95
141,Takoradi,79,GH,1567723076,93,4.89,-1.75,74.75,5.79
142,Peniche,0,PT,1567723077,72,39.36,-9.38,77.0,1.12
143,Meulaboh,73,ID,1567723078,85,4.14,96.13,81.05,9.31
144,Campbell River,75,CA,1567722909,44,50.02,-125.24,77.0,5.82
145,Bubaque,89,GW,1567723080,83,11.28,-15.83,80.51,12.62
146,Coquimbo,0,CL,1567723081,76,-29.95,-71.34,53.6,10.29
147,Yeppoon,0,AU,1567723082,48,-23.13,150.74,66.2,3.36
148,Goba,56,ET,1567723083,84,7.01,39.97,45.95,3.62
149,Vanimo,71,PG,1567723085,69,-2.67,141.3,80.15,1.16
150,Anadyr,75,RU,1567723086,76,64.73,177.51,48.2,2.24
151,Nome,1,US,1567723087,34,30.04,-94.42,99.0,6.17
152,Guiyang,40,CN,1567723088,82,26.58,106.71,68.0,2.24
153,Bethel,90,US,1567723089,100,60.79,-161.76,57.2,23.04
154,Ruwi,0,OM,1567723090,62,23.6,58.55,86.0,2.24
155,Luzino,75,RU,1567723092,71,54.95,73.03,51.8,17.9
156,Trat,100,TH,1567723093,88,12.25,102.51,82.99,2.68
157,Viedma,100,AR,1567723094,75,-40.81,-62.99,40.91,9.8
158,Vila do Maio,75,CV,1567723095,78,15.13,-23.22,80.6,12.75
159,Ponta do Sol,73,BR,1567723096,77,-20.63,-46.0,68.27,10.47
160,Mangan,98,IN,1567723097,85,27.5,88.54,59.99,1.97
161,Coihaique,90,CL,1567723099,69,-45.58,-72.07,46.4,6.93
162,Grindavik,75,IS,1567723100,93,63.84,-22.43,51.8,2.24
163,Cherskiy,92,RU,1567723101,54,68.75,161.3,49.19,6.62
164,Katsuura,75,JP,1567723102,88,33.93,134.5,79.0,9.17
165,Waingapu,83,ID,1567723103,72,-9.65,120.26,75.29,9.48
166,Shimoda,34,JP,1567723104,76,34.7,138.93,82.0,1.01
167,Namibe,86,AO,1567723106,91,-15.19,12.15,63.41,5.23
168,Usinsk,99,RU,1567723107,94,66.0,57.56,52.61,6.31
169,Longyearbyen,75,NO,1567723108,86,78.22,15.63,33.8,14.99
170,San Vicente,20,EC,1567723109,65,-0.59,-80.41,77.0,11.41
171,Artyom,90,RU,1567723110,100,43.36,132.19,66.2,4.47
172,Lingyuan,0,CN,1567723111,45,41.24,119.4,70.79,1.14
173,Sao Jose da Coroa Grande,11,BR,1567723112,96,-8.9,-35.15,70.25,5.26
174,Eenhana,0,NA,1567723114,16,-17.48,16.34,69.35,9.69
175,Bosaso,31,SO,1567723115,59,11.28,49.18,90.23,15.93
176,Tuatapere,59,NZ,1567723116,89,-46.13,167.69,46.0,8.99
177,Leningradskiy,53,RU,1567723117,87,69.38,178.42,43.43,3.89
178,Torbay,75,CA,1567723118,94,47.66,-52.73,68.0,13.87
179,Severo-Kurilsk,100,RU,1567723119,96,50.68,156.12,50.45,14.18
180,Saint-Augustin,40,CA,1567722832,55,45.63,-73.98,70.0,6.93
181,Tasiilaq,84,GL,1567723122,70,65.61,-37.64,44.6,10.29
182,Batemans Bay,91,AU,1567722963,85,-35.71,150.18,60.01,5.99
183,Juneau,75,US,1567723124,59,58.3,-134.42,62.6,11.41
184,Narsaq,100,GL,1567723125,61,60.91,-46.05,46.4,2.24
185,Pisco,0,PE,1567723126,30,-13.71,-76.2,71.6,12.75
186,Port Elizabeth,75,US,1567723127,78,39.31,-74.98,75.2,11.41
187,Cayenne,0,GF,1567723128,74,4.94,-52.33,82.4,9.17
188,Lompoc,1,US,1567722972,64,34.64,-120.46,89.6,14.99
189,Avarua,92,CK,1567723131,65,-21.21,-159.78,77.0,26.4
190,Notodden,33,NO,1567723132,91,59.56,9.26,46.0,1.01
191,Cabo San Lucas,75,MX,1567722884,49,22.89,-109.91,89.6,16.11
192,Kulhudhuffushi,100,MV,1567723134,80,6.62,73.07,82.13,10.71
193,Monrovia,75,LR,1567723136,94,6.33,-10.8,77.0,8.21
194,Nizwa,53,OM,1567723137,32,22.93,57.53,85.37,3.62
195,Hay River,40,CA,1567723138,71,60.82,-115.79,57.2,13.87
196,Beringovskiy,49,RU,1567723139,69,63.05,179.32,52.43,2.35
197,Naze,100,NG,1567723140,96,5.43,7.07,74.03,2.82
198,Abay,0,KZ,1567723141,81,49.63,72.87,46.4,8.95
199,Pandan,100,PH,1567723142,78,11.72,122.09,82.85,15.48
200,Tautira,75,PF,1567723144,61,-17.73,-149.15,80.6,6.93
201,Shache,11,CN,1567723145,70,38.42,77.24,75.99,1.23
202,Nova Vcelnice,99,CZ,1567723146,93,49.24,15.07,57.99,4.32
203,Port Blair,100,IN,1567723147,82,11.67,92.75,81.95,21.99
204,Mangrul Pir,100,IN,1567723148,95,20.31,77.34,74.93,5.93
205,Auki,71,NG,1567723149,91,12.18,6.51,74.21,6.15
206,Broken Hill,90,AU,1567723150,50,-31.97,141.45,51.8,26.4
207,Bilma,2,NE,1567723152,20,18.69,12.92,95.63,8.79
208,Morehead,20,US,1567723153,50,38.18,-83.43,77.0,5.82
209,Dhangadhi,100,NP,1567723154,91,28.7,80.57,72.95,2.82
210,Saskylakh,100,RU,1567723155,96,71.97,114.09,43.97,10.16
211,Mount Isa,36,AU,1567723156,48,-20.73,139.49,66.2,15.66
212,Ambilobe,56,MG,1567723157,87,-13.19,49.05,67.37,3.56
213,Gravdal,92,NO,1567723159,57,59.79,5.78,51.8,5.82
214,Mozhga,21,RU,1567723160,94,56.44,52.22,48.83,3.85
215,Mahebourg,20,MU,1567723161,83,-20.41,57.7,69.8,3.36
216,Akmene,4,LV,1567723162,77,56.71,21.38,60.8,10.29
217,Haines Junction,1,CA,1567723163,37,60.75,-137.51,57.11,4.59
218,College,1,US,1567723164,59,64.86,-147.8,63.0,4.7
219,Clyde River,75,CA,1567723166,86,70.47,-68.59,41.0,2.24
220,Keti Bandar,100,PK,1567723167,84,24.14,67.45,83.03,16.6
221,San Luis,43,AR,1567723168,46,-33.3,-66.34,54.77,10.69
222,Gazanjyk,0,TM,1567723169,25,39.24,55.52,68.81,11.21
223,Kimry,85,RU,1567723170,92,56.88,37.35,57.47,2.75
224,Hobyo,76,SO,1567723171,82,5.35,48.53,76.55,21.9
225,Arraial do Cabo,75,BR,1567723172,93,-22.97,-42.02,64.4,9.17
226,Tromso,75,NO,1567722891,87,69.65,18.96,46.4,12.75
227,Omsukchan,100,RU,1567723175,90,62.53,155.8,43.61,1.41
228,Hovd,75,NO,1567723176,81,63.83,10.7,53.01,19.46
229,Urucara,24,BR,1567723177,50,-2.54,-57.76,84.65,2.59
230,Lahij,93,YE,1567723178,39,13.06,44.88,88.43,3.47
231,Port Hardy,75,CA,1567723179,82,50.7,-127.42,57.2,4.7
232,Goderich,0,CA,1567723180,67,43.74,-81.71,66.99,6.85
233,Somoto,86,NI,1567723182,63,13.48,-86.58,78.89,5.59
234,Vao,95,EE,1567723183,94,59.1,26.19,57.11,7.81
235,Santiago,100,PH,1567723024,70,16.69,121.54,81.77,2.86
236,Westport,1,US,1567723185,56,41.14,-73.36,71.6,2.93
237,Matagami,87,NG,1567723186,94,9.67,8.4,69.17,0.85
238,Barcelona,20,ES,1567723187,64,41.38,2.18,72.0,9.48
239,Novo Aripuana,56,BR,1567723188,80,-5.12,-60.38,76.91,1.61
240,Bodden Town,40,KY,1567723189,74,19.28,-81.25,87.8,9.17
241,Santa Maria,0,BR,1567723191,20,-16.02,-48.01,82.4,9.17
242,Whitehorse,20,CA,1567723192,39,60.72,-135.06,64.0,4.7
243,San Francisco,40,CO,1567723003,38,1.17,-76.88,77.0,8.05
244,Blagoyevo,89,RU,1567723194,98,63.37,47.92,50.27,4.09
245,Serik,0,TR,1567723195,83,36.92,31.1,77.0,2.24
246,Puchezh,77,RU,1567723196,90,56.98,43.17,53.69,4.68
247,Melilla,20,EC,1567723197,65,-0.8,-80.23,77.0,11.41
248,Karratha,0,AU,1567723084,35,-20.74,116.85,66.47,1.95
249,Paka,100,CF,1567723200,93,4.15,15.03,69.53,1.34
250,Husavik,51,CA,1567723201,69,50.56,-96.99,70.0,3.0
251,Kamenka,0,MD,1567723202,85,48.03,28.7,50.0,2.84
252,Esperance,46,AU,1567723203,93,-33.86,121.89,35.6,8.05
253,Buala,69,SB,1567723204,78,-8.15,159.59,79.43,16.82
254,Upernavik,0,GL,1567723205,77,72.79,-56.15,39.65,5.86
255,Uige,61,AO,1567723207,80,-7.61,15.06,69.53,3.29
256,Bilibino,28,RU,1567723208,56,68.06,166.44,49.01,4.0
257,Muros,20,ES,1567723209,76,42.77,-9.06,70.0,9.17
258,Omboue,100,GA,1567723210,85,-1.57,9.26,74.57,12.06
259,Kidal,13,ML,1567723211,27,18.44,1.41,94.55,13.56
260,Saint George,20,GR,1567723212,73,39.45,22.34,69.8,0.92
261,Saint-Pierre,0,FR,1567723214,76,48.95,4.24,53.6,11.41
262,Victor Harbor,40,AU,1567723215,66,-35.55,138.62,53.6,24.16
263,Zelenoborskiy,98,RU,1567723216,96,66.84,32.36,53.33,5.82
264,Aromashevo,0,RU,1567723217,96,56.86,68.64,44.15,8.63
265,Hampton,20,US,1567723218,58,32.88,-81.13,86.0,6.93
266,Eyl,2,SO,1567723219,74,7.98,49.82,75.29,23.49
267,Wangaratta,75,AU,1567723221,93,-36.36,146.32,53.6,3.36
268,Chenzhou,0,CN,1567723222,82,25.81,113.03,76.01,1.34
269,Kyshtovka,0,RU,1567723223,94,56.56,76.62,43.97,11.63
270,Sorland,100,NO,1567723224,78,67.67,12.69,50.09,17.96
271,Tessalit,70,ML,1567723225,18,20.2,1.01,95.81,0.69
272,Saint Anthony,1,US,1567723226,18,43.97,-111.68,91.99,5.82
273,Ust-Kuyga,98,RU,1567723227,85,70.0,135.55,43.07,2.26
274,Manaure,40,CO,1567723229,70,11.78,-72.45,87.8,16.11
275,Tura,0,RU,1567723024,64,64.27,100.22,38.75,4.12
276,Senanga,0,ZM,1567723231,25,-16.1,23.3,63.77,5.97
277,Dudinka,75,RU,1567723232,93,69.41,86.18,50.0,15.66
278,Paamiut,100,GL,1567723233,71,61.99,-49.67,43.43,5.79
279,Kaputa,0,ZM,1567723234,41,-8.47,29.66,65.21,1.52
280,Giyani,58,ZA,1567723235,76,-23.32,30.73,63.41,11.16
281,Valdivia,75,CL,1567723236,87,-39.81,-73.25,48.2,2.24
282,Taylorville,1,US,1567723238,60,39.55,-89.29,78.01,2.84
283,Conceicao do Araguaia,16,BR,1567723239,42,-8.26,-49.26,83.93,3.58
284,Denia,13,ES,1567723240,78,38.84,0.11,75.99,17.16
285,Santa Teresa,75,BR,1567723241,88,-19.94,-40.6,73.4,13.87
286,Tsalka,100,GE,1567723242,98,41.6,44.09,48.29,5.1
287,Damavand,0,IR,1567723243,31,35.72,52.07,75.2,4.7
288,Razole,100,IN,1567723244,95,16.48,81.84,75.65,13.67
289,Kutum,61,SD,1567723246,65,14.2,24.66,75.29,10.4
290,Minsk,0,BY,1567723247,100,53.9,27.56,46.4,5.32
291,Deputatskiy,68,RU,1567723248,60,69.3,139.9,42.71,2.82
292,Udachnyy,90,RU,1567723249,100,66.42,112.4,33.8,6.71
293,Codrington,90,AU,1567723250,100,-28.95,153.24,64.4,8.05
294,Quelimane,20,MZ,1567723251,68,-17.88,36.89,69.8,3.36
295,Kabare,40,RW,1567723252,90,-1.65,29.38,55.49,0.78
296,Katete,15,UG,1567723254,90,-0.78,29.75,63.05,2.35
297,Bhilwara,74,IN,1567723255,88,25.35,74.64,77.99,2.62
298,Bereda,75,ES,1567723256,77,43.27,-7.54,62.01,8.05
299,Kruisfontein,4,ZA,1567723257,85,-34.0,24.73,47.21,10.29
300,Northam,0,AU,1567723258,61,-31.65,116.67,46.4,16.11
301,Zuenoula,75,CI,1567723259,97,7.43,-6.04,70.97,3.0
302,Ambunti,100,PG,1567723261,92,-4.22,142.82,74.57,2.19
303,Ixtlahuacan del Rio,75,MX,1567723262,39,20.87,-103.25,82.4,3.36
304,Kalemie,12,CD,1567723263,41,-5.95,29.2,70.97,1.01
305,Palmer,40,AU,1567723264,66,-34.85,139.16,54.0,24.16
306,Werda,19,BW,1567723265,26,-25.27,23.28,66.47,8.28
307,Savelugu,42,GH,1567723266,87,9.63,-0.83,76.37,6.35
308,Kearney,1,US,1567723267,49,40.7,-99.08,93.2,5.82
309,Yako,57,BF,1567723269,84,12.96,-2.26,77.81,8.28
310,Sibolga,97,ID,1567723262,82,1.74,98.78,81.41,11.36
311,Laguna,75,BZ,1567723271,70,16.17,-88.94,89.6,6.93
312,Cervo,83,BR,1567723272,89,-22.19,-46.24,60.35,4.36
313,Portland,75,US,1567723186,63,43.66,-70.25,66.99,9.17
314,Barcelos,83,BR,1567723194,77,-0.97,-62.93,79.43,4.45
315,Quatre Cocos,20,MU,1567723275,83,-20.21,57.76,69.8,3.36
316,Tsiroanomandidy,76,MG,1567723276,53,-18.77,46.05,68.45,2.28
317,Farmington,1,US,1567723277,13,36.73,-108.21,93.2,9.17
318,Batagay,98,RU,1567723279,91,67.65,134.64,42.71,0.78
319,Morant Bay,20,JM,1567723280,62,17.88,-76.41,87.8,17.22
320,Sechura,60,PE,1567723281,84,-5.56,-80.82,63.41,11.39
321,Marovoay,20,MG,1567723282,88,-16.11,46.64,69.8,3.36
322,Bowen,0,AU,1567723283,55,-20.01,148.25,75.99,6.24
323,Ilinge,96,ZA,1567723284,87,-31.98,27.04,44.87,6.46
324,Solwezi,2,ZM,1567723286,39,-12.18,26.4,58.55,6.6
325,Banda Aceh,100,ID,1567723059,81,5.56,95.32,82.49,13.38
326,Mackenzie,1,CA,1567723288,52,55.34,-123.09,66.2,5.82
327,Sambava,24,MG,1567723289,85,-14.27,50.17,64.13,3.6
328,Zeya,56,RU,1567723290,49,53.74,127.27,61.43,1.9
329,Petropavlovsk-Kamchatskiy,40,RU,1567723291,100,53.05,158.65,48.2,4.47
330,Iwaki,75,JP,1567723292,100,37.05,140.89,71.6,1.12
331,Flinders,20,AU,1567723294,100,-34.58,150.85,64.99,4.65
332,Berlevag,0,NO,1567723295,87,70.86,29.09,46.4,3.36
333,Zharkent,99,KZ,1567723296,77,44.17,80.0,45.23,5.12
334,Umm Lajj,0,SA,1567723297,71,25.02,37.27,84.47,11.23
335,Wanaka,100,NZ,1567723298,71,-44.7,169.14,46.0,2.71
336,Alice Springs,0,AU,1567723299,44,-23.7,133.88,60.8,13.87
337,Christchurch,100,NZ,1567723265,93,-43.53,172.64,48.0,12.75
338,Zhongshu,100,CN,1567723302,95,24.52,103.77,62.87,1.54
339,Revda,100,RU,1567723303,96,67.94,34.55,50.63,6.08
340,Ketchikan,1,US,1567723304,77,55.34,-131.65,60.8,17.22
341,Livingston,1,US,1567723091,49,40.8,-74.31,73.4,3.09
342,San Ignacio,47,PE,1567723306,92,-5.15,-79.0,62.15,2.46
343,Mahajanga,20,MG,1567723307,88,-15.72,46.32,69.8,3.36
344,Wilmington,1,US,1567723036,64,39.75,-75.55,75.2,4.7
345,Andreapol,11,RU,1567723309,94,56.65,32.27,50.63,5.41
346,Moose Factory,20,CA,1567723311,76,51.26,-80.61,51.8,10.29
347,Carbondale,1,US,1567723312,59,38.82,-95.69,93.2,12.75
348,Ahipara,62,NZ,1567723313,100,-35.17,173.16,53.01,33.53
349,Batagay-Alyta,92,RU,1567723314,75,67.8,130.41,38.75,3.4
350,Suntar,100,RU,1567723315,97,62.16,117.65,47.75,6.67
351,Campoverde,40,EC,1567723316,54,-0.91,-78.62,59.0,16.11
352,Yar-Sale,0,RU,1567723317,92,66.83,70.83,48.47,11.39
353,Thompson,90,CA,1567723319,50,55.74,-97.86,53.6,5.82
354,Fairbanks,1,US,1567723126,59,64.84,-147.72,63.0,4.7
355,Santa Cruz del Sur,100,CU,1567723321,82,20.71,-78.0,80.69,7.05
356,Lanxi,12,CN,1567723322,88,29.21,119.46,75.83,2.89
357,Oban,100,GB,1567723323,96,56.42,-5.47,55.0,5.99
358,Boa Vista,40,BR,1567723300,62,2.82,-60.67,87.8,4.7
359,Narasannapeta,100,IN,1567723326,94,18.42,84.04,75.83,3.49
360,Conde,7,BR,1567723327,98,-11.81,-37.61,69.17,4.09
361,Gazli,0,UZ,1567723328,38,40.13,63.45,58.55,9.06
362,Te Anau,96,NZ,1567723329,90,-45.41,167.72,40.73,8.86
363,Walvis Bay,0,NA,1567723330,87,-22.95,14.51,55.0,4.7
364,Puerto Escondido,75,MX,1567723331,59,15.86,-97.07,91.4,8.05
365,Pevek,42,RU,1567723333,75,69.7,170.27,42.89,1.34
366,Waitati,100,NZ,1567723334,79,-45.75,170.57,48.0,18.01
367,Kunigal,99,IN,1567723335,79,13.02,77.02,71.33,13.02
368,Gilgit,0,PK,1567723336,72,35.92,74.31,45.41,9.22
369,Cockburn Town,40,TC,1567723185,74,21.46,-71.14,86.0,11.41
370,Itoman,75,JP,1567723338,88,26.12,127.67,82.4,21.92
371,Denizli,40,TR,1567723222,100,37.77,29.09,63.0,4.7
372,Warrington,40,GB,1567723340,87,53.39,-2.59,55.99,6.93
373,Samsun,40,TR,1567723342,93,41.29,36.33,64.4,3.36
374,Shakawe,0,BW,1567723343,21,-18.36,21.84,66.83,6.73
375,Arlit,48,NE,1567723344,33,18.74,7.39,92.39,15.59
376,San Cristobal,35,HN,1567723345,56,14.68,-86.92,77.45,7.92
377,Makakilo City,40,US,1567723346,52,21.35,-158.09,91.4,11.41
378,Mlandizi,68,TZ,1567723347,90,-6.71,38.74,70.43,2.35
379,Ilo,37,PE,1567723349,87,-17.65,-71.34,58.01,3.98
380,Dzerzhinsk,75,RU,1567723350,93,56.24,43.46,59.0,6.71
381,Srandakan,86,ID,1567723351,83,-7.94,110.25,74.03,6.93
382,Changli,42,CN,1567723352,84,30.54,105.42,72.23,2.26
383,Celestun,50,MX,1567723353,82,20.87,-90.4,83.39,18.66
384,Sawakin,0,SD,1567723354,55,19.1,37.33,89.6,6.93
385,Puerto Narino,75,CO,1567723355,100,-3.77,-70.38,77.0,2.24
386,Restrepo,40,CO,1567723357,48,3.82,-76.52,87.8,14.99
387,Prata,86,BR,1567723358,51,-19.31,-48.92,79.79,15.5
388,Porto Novo,75,BR,1567723359,87,-23.68,-45.44,57.2,3.36
389,Arcachon,0,FR,1567723360,82,44.65,-1.18,59.0,6.93
390,Hamilton,20,CA,1567723361,52,43.26,-79.87,69.8,5.82
391,Kavaratti,89,IN,1567723363,81,10.57,72.64,82.31,20.22
392,Luwuk,100,ID,1567723364,92,-0.95,122.79,64.85,4.21
393,Imbituba,0,BR,1567723137,71,-28.24,-48.67,57.2,4.7
394,Leiyang,1,CN,1567723366,72,26.42,112.85,76.55,3.2
395,Columbia,75,US,1567723351,65,34.0,-81.03,84.99,13.87
396,Grand Gaube,20,MU,1567723368,83,-20.01,57.66,69.8,3.36
397,Axim,94,GH,1567723369,92,4.87,-2.24,76.37,11.34
398,Veseli nad Luznici,100,CZ,1567723370,82,49.18,14.7,57.99,1.01
399,Letpadan,100,MM,1567723372,98,17.78,95.75,75.65,7.99
400,Lokosovo,55,RU,1567723373,85,61.13,74.84,46.85,5.14
401,Souillac,0,FR,1567723374,58,45.6,-0.6,59.0,8.05
402,Ambon,0,FR,1567723375,76,47.55,-2.56,55.99,10.29
403,Tazovskiy,48,RU,1567723377,82,67.47,78.7,48.47,15.12
404,Calarasi,7,RO,1567723378,62,44.2,27.33,59.81,3.33
405,Saint-Felicien,20,CA,1567723379,47,48.65,-72.45,59.0,10.29
406,Manjeri,75,IN,1567723380,88,11.12,76.12,78.8,4.7
407,Airai,91,TL,1567723381,49,-8.93,125.41,79.25,2.42
408,Huesca,24,ES,1567723382,54,42.14,-0.41,57.2,9.17
409,Sayyan,98,YE,1567723384,53,15.17,44.32,74.75,1.34
410,Macamic,75,CA,1567723385,93,48.75,-79.0,55.4,3.49
411,Carinhanha,0,BR,1567723386,27,-14.3,-43.77,75.47,6.22
412,Pastavy,59,BY,1567723387,89,55.11,26.84,54.77,7.14
413,Cap Malheureux,20,MU,1567723388,83,-19.98,57.61,69.8,3.36
414,Lavrentiya,100,RU,1567723389,81,65.58,-170.99,47.39,5.99
415,Hofn,86,IS,1567723390,96,64.25,-15.21,32.45,1.99
416,Banjarmasin,66,ID,1567723364,78,-3.32,114.59,76.73,5.59
417,Si Sa Ket,40,TH,1567723393,94,15.12,104.33,82.0,8.05
418,Puerto Madero,40,AR,1567723394,76,-34.61,-58.36,50.0,18.34
419,Verkhnyaya Maksakovka,0,RU,1567723395,100,61.63,50.97,44.6,2.24
420,Turukhansk,100,RU,1567723396,85,65.8,87.96,49.91,5.91
421,Kenai,20,US,1567723397,71,60.55,-151.26,61.0,6.93
422,Rodeo,93,MX,1567723398,65,25.18,-104.56,72.05,10.74
423,Porto Nacional,0,BR,1567723400,25,-10.7,-48.41,81.41,1.3
424,Belyy Yar,90,RU,1567723401,93,53.6,91.39,41.0,2.24
425,Sioux Lookout,90,CA,1567723402,87,50.1,-91.92,59.0,3.36
426,Nuuk,75,GL,1567723403,52,64.17,-51.74,46.4,4.7
427,Hambantota,75,LK,1567723405,100,6.12,81.12,77.0,6.93
428,Vostok,55,RU,1567723406,70,46.45,135.83,73.49,1.72
429,Beyneu,0,KZ,1567723407,42,45.32,55.19,59.27,6.46
430,Caninde de Sao Francisco,0,BR,1567723408,78,-9.66,-37.79,71.15,8.19
431,Dhidhdhoo,98,MV,1567723409,81,6.88,73.1,82.13,12.41
432,Urengoy,99,RU,1567723410,74,65.96,78.37,51.89,8.9
433,Mandalgovi,100,MN,1567723411,53,45.76,106.27,65.03,6.69
434,San Pedro de Ycuamandiyu,100,PY,1567723413,47,-24.09,-57.08,69.71,6.04
435,Rolla,1,US,1567723414,51,37.95,-91.77,89.01,2.55
436,Poum,33,MK,1567723415,63,41.28,20.71,57.47,2.64
437,Chapais,75,CA,1567723416,53,49.78,-74.86,51.8,8.05
438,Lensk,90,RU,1567723417,93,60.71,114.91,48.11,4.97
439,Sisophon,100,KH,1567723418,91,13.59,102.97,74.93,9.37
440,Springbok,0,ZA,1567723420,39,-29.67,17.88,63.05,8.86
441,Moose Jaw,20,CA,1567723421,47,50.4,-105.54,75.2,19.46
442,Jiexiu,0,CN,1567723422,42,37.02,111.92,68.09,2.46
443,Kalmunai,96,LK,1567723423,86,7.42,81.82,74.03,1.83
444,Xai-Xai,34,MZ,1567723424,81,-25.04,33.64,67.91,13.65
445,Gourdon,0,FR,1567723426,71,44.74,1.38,57.0,4.03
446,Ivanovka,0,RU,1567723427,87,55.56,88.79,42.53,2.71
447,Martapura,66,ID,1567723428,78,-3.41,114.85,76.73,5.59
448,Havre-Saint-Pierre,40,CA,1567723429,81,50.23,-63.6,50.0,20.8
449,Port Hedland,0,AU,1567723431,93,-20.31,118.58,60.8,4.7
450,Olinda,90,AU,1567723432,76,-37.84,145.39,54.0,12.75
451,Kemin,100,KG,1567723433,92,42.79,75.7,45.23,1.43
452,Inhambane,0,MZ,1567723434,95,-23.87,35.38,63.41,4.41
453,Rocha,97,UY,1567723293,92,-34.48,-54.34,38.75,3.65
454,Tuy Hoa,99,VN,1567723436,70,13.08,109.3,79.25,12.41
455,Vangaindrano,17,MG,1567723437,94,-23.35,47.6,63.41,2.93
456,Pryazha,70,RU,1567723439,87,61.69,33.62,57.2,4.47
457,Lewisporte,40,CA,1567723440,55,49.25,-55.06,62.6,11.41
458,Tilichiki,100,RU,1567723441,61,60.47,166.1,53.15,4.63
459,Dharchula,99,IN,1567723442,89,29.85,80.53,55.85,1.34
460,Kieta,2,PG,1567723443,64,-6.22,155.63,82.49,2.8
461,Irbeyskoye,31,RU,1567723445,90,55.64,95.45,44.87,5.84
462,Vila Velha,0,BR,1567723446,74,-3.71,-38.6,80.6,8.05
463,Vung Tau,83,VN,1567723447,84,10.35,107.08,79.07,14.76
464,Luancheng,15,CN,1567723448,93,37.88,114.65,62.6,2.24
465,Luocheng,0,CN,1567723449,77,28.29,114.55,74.57,3.11
466,Ust-Nera,99,RU,1567723450,71,64.57,143.24,38.03,5.35
467,Uberlingen,75,DE,1567723451,100,47.77,9.17,55.0,3.36
468,Yulara,0,AU,1567723453,35,-25.24,130.99,51.8,12.75
469,Tel Aviv-Yafo,20,IL,1567723177,74,32.08,34.78,78.8,5.82
470,Fortuna,90,US,1567723455,72,40.6,-124.16,70.0,12.75
471,Bilasipara,39,IN,1567723456,95,26.2,90.29,76.19,5.12
472,Bonavista,62,CA,1567723457,81,48.65,-53.11,66.99,3.0
473,Mizdah,30,LY,1567723458,70,31.45,12.98,68.81,5.57
474,Alekseyevsk,89,RU,1567723459,95,57.84,108.35,45.95,4.83
475,Golden,75,US,1567723435,17,39.76,-105.22,91.0,5.82
476,Esil,100,KZ,1567723462,91,51.96,66.41,49.37,20.11
477,Pochutla,40,MX,1567723463,59,15.74,-96.47,91.4,9.17
478,Polonnaruwa,90,LK,1567723464,68,7.94,81.0,78.89,7.96
479,Mareeba,35,AU,1567723465,52,-16.99,145.42,73.0,11.3
480,Karasjok,94,NO,1567723466,100,69.47,25.52,46.4,13.87
481,Opunake,100,NZ,1567723467,91,-39.45,173.86,52.0,4.0
482,Karlskrona,0,SE,1567723468,93,56.16,15.59,51.8,6.93
483,Nouadhibou,29,MR,1567723470,73,20.93,-17.03,75.2,12.75
484,Bahia Honda,78,CU,1567723471,71,22.9,-83.16,85.19,5.44
485,Port-Gentil,75,GA,1567723472,88,-0.72,8.78,77.0,13.87
486,Shwebo,22,MM,1567723473,84,22.57,95.7,77.99,9.48
487,Bayevo,86,RU,1567723474,71,53.27,80.77,50.99,14.0
488,Havre,1,US,1567723475,17,48.55,-109.68,84.2,6.93
489,Onverwacht,20,SR,1567723476,62,5.59,-55.2,87.8,5.82
490,Tanete,38,ID,1567723478,76,-3.94,119.78,80.33,14.94
491,Ivanteyevka,40,RU,1567723479,100,55.97,37.92,60.01,4.47
492,Akureyri,75,IS,1567723480,81,65.68,-18.09,48.2,6.93
493,Praia da Vitoria,75,PT,1567723481,77,38.73,-27.07,69.8,18.75
494,General Bravo,59,MX,1567723482,56,25.79,-99.18,88.97,8.68
495,Alenquer,20,BR,1567723483,70,-1.95,-54.74,86.0,8.05
496,Alamosa,1,US,1567723484,17,37.47,-105.87,84.2,9.17
497,Sortland,100,NO,1567723486,93,68.69,15.42,46.99,6.93
498,Pine Bluff,75,US,1567723487,47,34.23,-92.0,95.0,4.7
499,Odienne,92,CI,1567723488,96,9.51,-7.57,70.79,1.57
500,Ca Mau,36,VN,1567723489,84,9.18,105.15,79.25,3.85
501,Dakar,40,SN,1567723250,83,14.69,-17.45,82.4,4.7
502,Winnemucca,75,US,1567723388,48,40.97,-117.74,82.4,3.36
503,Cabra,46,ES,1567723492,42,37.47,-4.43,84.2,6.93
504,Saint-Georges,80,CA,1567723494,66,46.12,-70.67,61.0,3.98
505,Gizo,20,IL,1567723495,74,31.8,34.94,78.8,5.82
506,Gamboma,72,CG,1567723496,65,-1.87,15.88,77.09,3.42
507,Tecoanapa,40,MX,1567723497,70,16.99,-99.26,87.8,8.05
508,Wanning,90,AT,1567723498,87,48.64,13.53,57.99,13.87
509,Sturgis,37,CA,1567723499,66,51.94,-102.54,63.95,12.71
510,Brae,100,GB,1567723500,93,60.4,-1.35,50.0,13.87
511,Chiang Rai,20,TH,1567723502,100,19.9,99.84,77.0,4.7
512,Komsomolskiy,91,RU,1567723503,96,67.55,63.78,48.11,5.17
513,Alta Floresta,37,BR,1567723504,49,-9.87,-56.08,89.6,3.36
514,Vardo,90,US,1567723506,53,39.62,-77.74,75.2,6.93
515,Veraval,0,FR,1567723507,93,49.65,0.71,48.99,3.36
516,Talakan,41,RU,1567723508,84,50.29,130.28,65.57,3.33
517,Sile,1,US,1567723509,17,35.56,-106.37,93.99,6.93
518,Guilin,0,CN,1567723331,88,25.28,110.29,73.4,4.47
519,Ostrovnoy,100,RU,1567723511,83,68.05,39.51,54.77,17.2
520,Gejiu,93,CN,1567723513,89,23.36,103.16,64.13,2.53
521,Huainan,24,CN,1567723514,86,32.59,117.01,73.67,7.34
522,Areka,96,ET,1567723515,89,7.07,37.71,63.05,2.15
523,Manzhouli,17,CN,1567723516,78,49.6,117.43,63.77,4.79
524,Mahon,75,IE,1567723517,93,51.89,-8.4,54.0,6.93
525,Kayerkan,75,RU,1567723518,93,69.35,87.76,50.0,15.66
526,Dreux,0,FR,1567723520,81,48.74,1.37,55.99,3.36
